<annotation>
	<folder>lumber</folder>
	<filename>image6.jpg</filename>
	<path>C:\Users\jeeva\OneDrive\Desktop\lumber\image6.jpg</path>
	<source>
		<database>Unknown</database>
	</source>
	<size>
		<width>400</width>
		<height>266</height>
		<depth>3</depth>
	</size>
	<segmented>0</segmented>
	<object>
		<name>lumber2x4</name>
		<pose>Unspecified</pose>
		<truncated>0</truncated>
		<difficult>0</difficult>
		<bndbox>
			<xmin>113</xmin>
			<ymin>91</ymin>
			<xmax>255</xmax>
			<ymax>183</ymax>
		</bndbox>
	</object>
	<object>
		<name>lumber2x4</name>
		<pose>Unspecified</pose>
		<truncated>0</truncated>
		<difficult>0</difficult>
		<bndbox>
			<xmin>132</xmin>
			<ymin>161</ymin>
			<xmax>286</xmax>
			<ymax>249</ymax>
		</bndbox>
	</object>
</annotation>
