<annotation>
	<folder>lumber</folder>
	<filename>image11.jpg</filename>
	<path>C:\Users\jeeva\OneDrive\Desktop\lumber\image11.jpg</path>
	<source>
		<database>Unknown</database>
	</source>
	<size>
		<width>275</width>
		<height>183</height>
		<depth>3</depth>
	</size>
	<segmented>0</segmented>
	<object>
		<name>lumber2x4</name>
		<pose>Unspecified</pose>
		<truncated>1</truncated>
		<difficult>0</difficult>
		<bndbox>
			<xmin>1</xmin>
			<ymin>101</ymin>
			<xmax>74</xmax>
			<ymax>148</ymax>
		</bndbox>
	</object>
	<object>
		<name>lumber2x4</name>
		<pose>Unspecified</pose>
		<truncated>0</truncated>
		<difficult>0</difficult>
		<bndbox>
			<xmin>138</xmin>
			<ymin>103</ymin>
			<xmax>214</xmax>
			<ymax>152</ymax>
		</bndbox>
	</object>
</annotation>
