<annotation>
	<folder>lumber</folder>
	<filename>image8.jpg</filename>
	<path>C:\Users\jeeva\OneDrive\Desktop\lumber\image8.jpg</path>
	<source>
		<database>Unknown</database>
	</source>
	<size>
		<width>650</width>
		<height>450</height>
		<depth>3</depth>
	</size>
	<segmented>0</segmented>
	<object>
		<name>lumber2x4</name>
		<pose>Unspecified</pose>
		<truncated>0</truncated>
		<difficult>0</difficult>
		<bndbox>
			<xmin>125</xmin>
			<ymin>134</ymin>
			<xmax>305</xmax>
			<ymax>226</ymax>
		</bndbox>
	</object>
	<object>
		<name>lumber2x4</name>
		<pose>Unspecified</pose>
		<truncated>0</truncated>
		<difficult>0</difficult>
		<bndbox>
			<xmin>124</xmin>
			<ymin>213</ymin>
			<xmax>311</xmax>
			<ymax>302</ymax>
		</bndbox>
	</object>
	<object>
		<name>lumber2x4</name>
		<pose>Unspecified</pose>
		<truncated>0</truncated>
		<difficult>0</difficult>
		<bndbox>
			<xmin>289</xmin>
			<ymin>60</ymin>
			<xmax>491</xmax>
			<ymax>147</ymax>
		</bndbox>
	</object>
	<object>
		<name>lumber2x4</name>
		<pose>Unspecified</pose>
		<truncated>1</truncated>
		<difficult>0</difficult>
		<bndbox>
			<xmin>117</xmin>
			<ymin>361</ymin>
			<xmax>308</xmax>
			<ymax>450</ymax>
		</bndbox>
	</object>
	<object>
		<name>lumber2x4</name>
		<pose>Unspecified</pose>
		<truncated>0</truncated>
		<difficult>0</difficult>
		<bndbox>
			<xmin>295</xmin>
			<ymin>217</ymin>
			<xmax>488</xmax>
			<ymax>302</ymax>
		</bndbox>
	</object>
</annotation>
