<annotation>
	<folder>lumber</folder>
	<filename>image1.jpeg</filename>
	<path>C:\Users\jeeva\OneDrive\Desktop\lumber\image1.jpeg</path>
	<source>
		<database>Unknown</database>
	</source>
	<size>
		<width>600</width>
		<height>329</height>
		<depth>3</depth>
	</size>
	<segmented>0</segmented>
	<object>
		<name>lumber2x4</name>
		<pose>Unspecified</pose>
		<truncated>0</truncated>
		<difficult>0</difficult>
		<bndbox>
			<xmin>97</xmin>
			<ymin>136</ymin>
			<xmax>267</xmax>
			<ymax>234</ymax>
		</bndbox>
	</object>
	<object>
		<name>lumber2x4</name>
		<pose>Unspecified</pose>
		<truncated>0</truncated>
		<difficult>0</difficult>
		<bndbox>
			<xmin>229</xmin>
			<ymin>42</ymin>
			<xmax>418</xmax>
			<ymax>132</ymax>
		</bndbox>
	</object>
	<object>
		<name>lumber2x4</name>
		<pose>Unspecified</pose>
		<truncated>0</truncated>
		<difficult>0</difficult>
		<bndbox>
			<xmin>280</xmin>
			<ymin>131</ymin>
			<xmax>438</xmax>
			<ymax>232</ymax>
		</bndbox>
	</object>
	<object>
		<name>lumber2x4</name>
		<pose>Unspecified</pose>
		<truncated>0</truncated>
		<difficult>0</difficult>
		<bndbox>
			<xmin>272</xmin>
			<ymin>230</ymin>
			<xmax>440</xmax>
			<ymax>317</ymax>
		</bndbox>
	</object>
	<object>
		<name>lumber2x4</name>
		<pose>Unspecified</pose>
		<truncated>0</truncated>
		<difficult>0</difficult>
		<bndbox>
			<xmin>407</xmin>
			<ymin>97</ymin>
			<xmax>558</xmax>
			<ymax>191</ymax>
		</bndbox>
	</object>
</annotation>
