<annotation>
	<folder>lumber</folder>
	<filename>image5.jpg</filename>
	<path>C:\Users\jeeva\OneDrive\Desktop\lumber\image5.jpg</path>
	<source>
		<database>Unknown</database>
	</source>
	<size>
		<width>1000</width>
		<height>1000</height>
		<depth>3</depth>
	</size>
	<segmented>0</segmented>
	<object>
		<name>lumber2x4</name>
		<pose>Unspecified</pose>
		<truncated>0</truncated>
		<difficult>0</difficult>
		<bndbox>
			<xmin>76</xmin>
			<ymin>597</ymin>
			<xmax>402</xmax>
			<ymax>792</ymax>
		</bndbox>
	</object>
</annotation>
