<annotation>
	<folder>lumber</folder>
	<filename>image7.jpg</filename>
	<path>C:\Users\jeeva\OneDrive\Desktop\lumber\image7.jpg</path>
	<source>
		<database>Unknown</database>
	</source>
	<size>
		<width>400</width>
		<height>270</height>
		<depth>3</depth>
	</size>
	<segmented>0</segmented>
	<object>
		<name>lumber2x4</name>
		<pose>Unspecified</pose>
		<truncated>0</truncated>
		<difficult>0</difficult>
		<bndbox>
			<xmin>122</xmin>
			<ymin>61</ymin>
			<xmax>163</xmax>
			<ymax>85</ymax>
		</bndbox>
	</object>
	<object>
		<name>lumber2x4</name>
		<pose>Unspecified</pose>
		<truncated>0</truncated>
		<difficult>0</difficult>
		<bndbox>
			<xmin>122</xmin>
			<ymin>162</ymin>
			<xmax>169</xmax>
			<ymax>184</ymax>
		</bndbox>
	</object>
	<object>
		<name>lumber2x4</name>
		<pose>Unspecified</pose>
		<truncated>0</truncated>
		<difficult>0</difficult>
		<bndbox>
			<xmin>196</xmin>
			<ymin>110</ymin>
			<xmax>241</xmax>
			<ymax>133</ymax>
		</bndbox>
	</object>
	<object>
		<name>lumber2x4</name>
		<pose>Unspecified</pose>
		<truncated>0</truncated>
		<difficult>0</difficult>
		<bndbox>
			<xmin>195</xmin>
			<ymin>61</ymin>
			<xmax>240</xmax>
			<ymax>84</ymax>
		</bndbox>
	</object>
	<object>
		<name>lumber2x4</name>
		<pose>Unspecified</pose>
		<truncated>0</truncated>
		<difficult>0</difficult>
		<bndbox>
			<xmin>270</xmin>
			<ymin>61</ymin>
			<xmax>319</xmax>
			<ymax>85</ymax>
		</bndbox>
	</object>
	<object>
		<name>lumber2x4</name>
		<pose>Unspecified</pose>
		<truncated>0</truncated>
		<difficult>0</difficult>
		<bndbox>
			<xmin>193</xmin>
			<ymin>94</ymin>
			<xmax>241</xmax>
			<ymax>117</ymax>
		</bndbox>
	</object>
</annotation>
